{
  "generated_at": "2025-10-23 16:03:48",
  "counts": {
    "n": 56373,
    "pos": 262,
    "neg": 56111
  },
  "prevalence": 0.004647614900022745,
  "threshold_default": 0.5,
  "metrics_at_default": {
    "threshold": 0.5,
    "precision": 0.056608958505083816,
    "recall": 0.7862595419847328,
    "f1": 0.10561394514227121,
    "accuracy": 0.9381086690436912,
    "tp": 206,
    "tn": 52678,
    "fp": 3433,
    "fn": 56
  },
  "threshold_best": 0.9450000524520874,
  "metrics_at_best": {
    "threshold": 0.9450000524520874,
    "precision": 0.3737864077669903,
    "recall": 0.29389312977099236,
    "f1": 0.329059829059829,
    "accuracy": 0.9944299576038175,
    "tp": 77,
    "tn": 55982,
    "fp": 129,
    "fn": 185
  },
  "roc_auc": 0.8755624926110882,
  "pr_auc": 0.21898352039179195
}