{
  "generated_at": "2025-10-25 13:55:49",
  "counts": {
    "n": 2185,
    "pos": 79,
    "neg": 2106
  },
  "prevalence": 0.03615560755133629,
  "threshold_default": 0.5,
  "metrics_at_default": {
    "threshold": 0.5,
    "precision": 0.35195530726256985,
    "recall": 0.7974683544303798,
    "f1": 0.48837209302325585,
    "accuracy": 0.9395881006864989,
    "tp": 63,
    "tn": 1990,
    "fp": 116,
    "fn": 16
  },
  "threshold_best": null,
  "metrics_at_best": {},
  "roc_auc": 0.8885192397850625,
  "pr_auc": 0.6947581915326398
}