{
  "generated_at": "2025-10-17 12:32:09",
  "counts": {
    "n": 2642,
    "pos": 85,
    "neg": 2557
  },
  "prevalence": 0.03217259794473648,
  "threshold_default": 0.5,
  "metrics_at_default": {
    "threshold": 0.5,
    "precision": 0.39552238805970147,
    "recall": 0.6235294117647059,
    "f1": 0.4840182648401827,
    "accuracy": 0.9572293716881151,
    "tp": 53,
    "tn": 2476,
    "fp": 81,
    "fn": 32
  },
  "threshold_best": null,
  "metrics_at_best": {},
  "roc_auc": 0.8018081851434355,
  "pr_auc": 0.5105413854655348
}