{
  "generated_at": "2025-10-21 10:09:06",
  "avg_mse": 5235.614273071289,
  "avg_mae": 42.31715693473816,
  "n_windows": 6660
}