{
  "generated_at": "2025-10-18 01:04:52",
  "avg_mse": 20463.449169921874,
  "avg_mae": 126.4910789489746,
  "n_windows": 7120
}