{
  "generated_at": "2025-10-17 12:07:31",
  "counts": {
    "n": 72562,
    "pos": 2507,
    "neg": 70055
  },
  "prevalence": 0.0345497652888298,
  "threshold_default": 0.5,
  "metrics_at_default": {
    "threshold": 0.5,
    "precision": 1.0,
    "recall": 0.9433585959313922,
    "f1": 0.9708538587848933,
    "accuracy": 0.9980430528375733,
    "tp": 2365,
    "tn": 70055,
    "fp": 0,
    "fn": 142
  },
  "threshold_best": 0.005000000353902578,
  "metrics_at_best": {
    "threshold": 0.005000000353902578,
    "precision": 1.0,
    "recall": 0.9433585959313922,
    "f1": 0.9708538587848933,
    "accuracy": 0.9980430528375733,
    "tp": 2365,
    "tn": 70055,
    "fp": 0,
    "fn": 142
  },
  "roc_auc": 0.9734948467892783,
  "pr_auc": 0.9727223265681847
}