{
  "generated_at": "2025-10-25 00:53:37",
  "counts": {
    "n": 437,
    "pos": 5,
    "neg": 432
  },
  "prevalence": 0.011441648006439209,
  "threshold_default": 0.5,
  "metrics_at_default": {
    "threshold": 0.5,
    "precision": 0.10344827586206896,
    "recall": 0.6,
    "f1": 0.17647058823529413,
    "accuracy": 0.9359267734553776,
    "tp": 3,
    "tn": 406,
    "fp": 26,
    "fn": 2
  },
  "threshold_best": 0.9860000610351562,
  "metrics_at_best": {
    "threshold": 0.9860000610351562,
    "precision": 0.75,
    "recall": 0.6,
    "f1": 0.6666666666666665,
    "accuracy": 0.9931350114416476,
    "tp": 3,
    "tn": 431,
    "fp": 1,
    "fn": 2
  },
  "roc_auc": 0.7708333333333334,
  "pr_auc": 0.5531857654168867
}