{
  "generated_at": "2025-10-23 15:39:42",
  "counts": {
    "n": 42389,
    "pos": 214,
    "neg": 42175
  },
  "prevalence": 0.0050484794192016125,
  "threshold_default": 0.5,
  "metrics_at_default": {
    "threshold": 0.5,
    "precision": 0.07142857142857142,
    "recall": 0.7616822429906542,
    "f1": 0.13060897435897437,
    "accuracy": 0.9488074736370284,
    "tp": 163,
    "tn": 40056,
    "fp": 2119,
    "fn": 51
  },
  "threshold_best": 0.9630000591278076,
  "metrics_at_best": {
    "threshold": 0.9630000591278076,
    "precision": 0.37628865979381443,
    "recall": 0.3411214953271028,
    "f1": 0.3578431372549019,
    "accuracy": 0.9938191511948855,
    "tp": 73,
    "tn": 42054,
    "fp": 121,
    "fn": 141
  },
  "roc_auc": 0.8836872953703139,
  "pr_auc": 0.24208512226738904
}