{
  "generated_at": "2025-10-25 01:28:56",
  "counts": {
    "n": 2185,
    "pos": 90,
    "neg": 2095
  },
  "prevalence": 0.04118993133306503,
  "threshold_default": 0.5,
  "metrics_at_default": {
    "threshold": 0.5,
    "precision": 0.48760330578512395,
    "recall": 0.6555555555555556,
    "f1": 0.5592417061611373,
    "accuracy": 0.9574370709382151,
    "tp": 59,
    "tn": 2033,
    "fp": 62,
    "fn": 31
  },
  "threshold_best": null,
  "metrics_at_best": {},
  "roc_auc": 0.815213471227791,
  "pr_auc": 0.5312689584597291
}