{
  "generated_at": "2025-10-25 00:56:49",
  "counts": {
    "n": 437,
    "pos": 9,
    "neg": 428
  },
  "prevalence": 0.020594965666532516,
  "threshold_default": 0.5,
  "metrics_at_default": {
    "threshold": 0.5,
    "precision": 0.1111111111111111,
    "recall": 0.6666666666666666,
    "f1": 0.1904761904761905,
    "accuracy": 0.8832951945080092,
    "tp": 6,
    "tn": 380,
    "fp": 48,
    "fn": 3
  },
  "threshold_best": 0.8470000624656677,
  "metrics_at_best": {
    "threshold": 0.8470000624656677,
    "precision": 0.38461538461538464,
    "recall": 0.5555555555555556,
    "f1": 0.4545454545454546,
    "accuracy": 0.9725400457665904,
    "tp": 5,
    "tn": 420,
    "fp": 8,
    "fn": 4
  },
  "roc_auc": 0.8052959501557632,
  "pr_auc": 0.36170896016433773
}