{
  "generated_at": "2025-10-25 13:43:13",
  "counts": {
    "n": 437,
    "pos": 7,
    "neg": 430
  },
  "prevalence": 0.016018306836485863,
  "threshold_default": 0.5,
  "metrics_at_default": {
    "threshold": 0.5,
    "precision": 0.17142857142857143,
    "recall": 0.8571428571428571,
    "f1": 0.2857142857142857,
    "accuracy": 0.931350114416476,
    "tp": 6,
    "tn": 401,
    "fp": 29,
    "fn": 1
  },
  "threshold_best": 0.9150000214576721,
  "metrics_at_best": {
    "threshold": 0.9150000214576721,
    "precision": 0.6,
    "recall": 0.42857142857142855,
    "f1": 0.5,
    "accuracy": 0.9862700228832952,
    "tp": 3,
    "tn": 428,
    "fp": 2,
    "fn": 4
  },
  "roc_auc": 0.9043189368770764,
  "pr_auc": 0.3280570581606672
}