{
  "generated_at": "2025-10-25 13:47:11",
  "counts": {
    "n": 437,
    "pos": 6,
    "neg": 431
  },
  "prevalence": 0.013729977421462536,
  "threshold_default": 0.5,
  "metrics_at_default": {
    "threshold": 0.5,
    "precision": 0.21052631578947367,
    "recall": 0.6666666666666666,
    "f1": 0.32,
    "accuracy": 0.9610983981693364,
    "tp": 4,
    "tn": 416,
    "fp": 15,
    "fn": 2
  },
  "threshold_best": 0.9740000367164612,
  "metrics_at_best": {
    "threshold": 0.9740000367164612,
    "precision": 0.6666666666666666,
    "recall": 0.3333333333333333,
    "f1": 0.4444444444444444,
    "accuracy": 0.988558352402746,
    "tp": 2,
    "tn": 430,
    "fp": 1,
    "fn": 4
  },
  "roc_auc": 0.8876643464810519,
  "pr_auc": 0.2117323792475579
}