{
  "generated_at": "2025-10-21 10:05:37",
  "avg_mse": 5278.337142944336,
  "avg_mae": 42.733480024337766,
  "n_windows": 6660
}