{
  "generated_at": "2025-10-25 13:54:57",
  "counts": {
    "n": 2185,
    "pos": 31,
    "neg": 2154
  },
  "prevalence": 0.014187643304467201,
  "threshold_default": 0.5,
  "metrics_at_default": {
    "threshold": 0.5,
    "precision": 0.27472527472527475,
    "recall": 0.8064516129032258,
    "f1": 0.40983606557377045,
    "accuracy": 0.9670480549199084,
    "tp": 25,
    "tn": 2088,
    "fp": 66,
    "fn": 6
  },
  "threshold_best": null,
  "metrics_at_best": {},
  "roc_auc": 0.9368017491838141,
  "pr_auc": 0.45721211955508856
}