{
  "generated_at": "2025-10-25 00:58:43",
  "counts": {
    "n": 437,
    "pos": 5,
    "neg": 432
  },
  "prevalence": 0.011441648006439209,
  "threshold_default": 0.5,
  "metrics_at_default": {
    "threshold": 0.5,
    "precision": 0.06521739130434782,
    "recall": 0.6,
    "f1": 0.11764705882352941,
    "accuracy": 0.897025171624714,
    "tp": 3,
    "tn": 389,
    "fp": 43,
    "fn": 2
  },
  "threshold_best": 0.9570000171661377,
  "metrics_at_best": {
    "threshold": 0.9570000171661377,
    "precision": 0.2727272727272727,
    "recall": 0.6,
    "f1": 0.37499999999999994,
    "accuracy": 0.977116704805492,
    "tp": 3,
    "tn": 424,
    "fp": 8,
    "fn": 2
  },
  "roc_auc": 0.7726851851851853,
  "pr_auc": 0.13284263029114288
}