{
  "generated_at": "2025-10-25 13:55:34",
  "counts": {
    "n": 2185,
    "pos": 55,
    "neg": 2130
  },
  "prevalence": 0.02517162449657917,
  "threshold_default": 0.5,
  "metrics_at_default": {
    "threshold": 0.5,
    "precision": 0.24528301886792453,
    "recall": 0.9454545454545454,
    "f1": 0.3895131086142322,
    "accuracy": 0.9254004576659038,
    "tp": 52,
    "tn": 1970,
    "fp": 160,
    "fn": 3
  },
  "threshold_best": null,
  "metrics_at_best": {},
  "roc_auc": 0.9586598378147673,
  "pr_auc": 0.6176679374038596
}