{
  "generated_at": "2025-10-18 01:51:09",
  "avg_mse": 462.1857047611475,
  "avg_mae": 9.601837056279182,
  "n_windows": 274
}