{
  "generated_at": "2025-10-25 01:24:39",
  "counts": {
    "n": 2185,
    "pos": 38,
    "neg": 2147
  },
  "prevalence": 0.017391303554177284,
  "threshold_default": 0.5,
  "metrics_at_default": {
    "threshold": 0.5,
    "precision": 0.19727891156462585,
    "recall": 0.7631578947368421,
    "f1": 0.31351351351351353,
    "accuracy": 0.9418764302059497,
    "tp": 29,
    "tn": 2029,
    "fp": 118,
    "fn": 9
  },
  "threshold_best": null,
  "metrics_at_best": {},
  "roc_auc": 0.9243436373887677,
  "pr_auc": 0.5286101862958371
}