{
  "generated_at": "2025-10-25 13:48:47",
  "counts": {
    "n": 437,
    "pos": 15,
    "neg": 422
  },
  "prevalence": 0.03432494401931763,
  "threshold_default": 0.5,
  "metrics_at_default": {
    "threshold": 0.5,
    "precision": 0.3684210526315789,
    "recall": 0.4666666666666667,
    "f1": 0.4117647058823529,
    "accuracy": 0.954233409610984,
    "tp": 7,
    "tn": 410,
    "fp": 12,
    "fn": 8
  },
  "threshold_best": 0.13700000941753387,
  "metrics_at_best": {
    "threshold": 0.13700000941753387,
    "precision": 0.3684210526315789,
    "recall": 0.4666666666666667,
    "f1": 0.4117647058823529,
    "accuracy": 0.954233409610984,
    "tp": 7,
    "tn": 410,
    "fp": 12,
    "fn": 8
  },
  "roc_auc": 0.7194312796208532,
  "pr_auc": 0.29774980930587336
}