{
  "generated_at": "2025-10-25 00:55:21",
  "counts": {
    "n": 437,
    "pos": 5,
    "neg": 432
  },
  "prevalence": 0.011441648006439209,
  "threshold_default": 0.5,
  "metrics_at_default": {
    "threshold": 0.5,
    "precision": 0.06779661016949153,
    "recall": 0.8,
    "f1": 0.125,
    "accuracy": 0.8718535469107551,
    "tp": 4,
    "tn": 377,
    "fp": 55,
    "fn": 1
  },
  "threshold_best": 0.9880000352859497,
  "metrics_at_best": {
    "threshold": 0.9880000352859497,
    "precision": 0.4,
    "recall": 0.4,
    "f1": 0.4000000000000001,
    "accuracy": 0.9862700228832952,
    "tp": 2,
    "tn": 429,
    "fp": 3,
    "fn": 3
  },
  "roc_auc": 0.8564814814814815,
  "pr_auc": 0.31241572780064203
}