{
  "counts": {
    "n": 72704,
    "pos": 2525,
    "neg": 70179
  },
  "prevalence": 0.03472986355633803,
  "roc_auc": 0.9736449494990109,
  "pr_auc": 0.9464084759024377,
  "threshold_default": 0.003000000026077032,
  "metrics_at_default": {
    "tp": 2383.0,
    "tn": 70179.0,
    "fp": 0.0,
    "fn": 142.0,
    "precision": 1.0,
    "recall": 0.9437623762376237,
    "f1": 0.9710676446617766,
    "accuracy": 0.998046875
  },
  "threshold_best": 0.003,
  "metrics_at_best": {
    "tp": 2383.0,
    "tn": 70179.0,
    "fp": 0.0,
    "fn": 142.0,
    "precision": 1.0,
    "recall": 0.9437623762376237,
    "f1": 0.9710676446617766,
    "accuracy": 0.998046875
  },
  "notes": {
    "best_strategy": "f1"
  },
  "generated_at": "2025-10-16 16:42:46"
}