{
  "generated_at": "2025-11-01 22:36:47",
  "counts": {
    "n": 78223,
    "pos": 305,
    "neg": 77918
  },
  "prevalence": 0.003899108851328492,
  "threshold_default": 0.5,
  "metrics_at_default": {
    "threshold": 0.5,
    "precision": 0.04941985388912763,
    "recall": 0.7540983606557377,
    "f1": 0.09276063722524702,
    "accuracy": 0.9424849468826304,
    "tp": 230,
    "tn": 73494,
    "fp": 4424,
    "fn": 75
  },
  "threshold_best": 0.9720000624656677,
  "metrics_at_best": {
    "threshold": 0.9720000624656677,
    "precision": 0.32916666666666666,
    "recall": 0.25901639344262295,
    "f1": 0.2899082568807339,
    "accuracy": 0.9950526060110197,
    "tp": 79,
    "tn": 77757,
    "fp": 161,
    "fn": 226
  },
  "roc_auc": 0.8608049487923202,
  "pr_auc": 0.1969289141072353
}