{
  "generated_at": "2025-11-01 04:32:57",
  "counts": {
    "n": 78223,
    "pos": 305,
    "neg": 77918
  },
  "prevalence": 0.003899108851328492,
  "threshold_default": 0.5,
  "metrics_at_default": {
    "threshold": 0.5,
    "precision": 0.04941985388912763,
    "recall": 0.7540983606557377,
    "f1": 0.09276063722524702,
    "accuracy": 0.9424849468826304,
    "tp": 230,
    "tn": 73494,
    "fp": 4424,
    "fn": 75
  },
  "threshold_best": 0.9760000705718994,
  "metrics_at_best": {
    "threshold": 0.9760000705718994,
    "precision": 0.3953488372093023,
    "recall": 0.22295081967213115,
    "f1": 0.28511530398322854,
    "accuracy": 0.9956406683456273,
    "tp": 68,
    "tn": 77814,
    "fp": 104,
    "fn": 237
  },
  "roc_auc": 0.8604276290459199,
  "pr_auc": 0.18759316596702064
}