{
  "generated_at": "2025-10-25 00:57:43",
  "counts": {
    "n": 437,
    "pos": 6,
    "neg": 431
  },
  "prevalence": 0.013729977421462536,
  "threshold_default": 0.5,
  "metrics_at_default": {
    "threshold": 0.5,
    "precision": 0.29411764705882354,
    "recall": 0.8333333333333334,
    "f1": 0.4347826086956522,
    "accuracy": 0.9702517162471396,
    "tp": 5,
    "tn": 419,
    "fp": 12,
    "fn": 1
  },
  "threshold_best": 0.8830000162124634,
  "metrics_at_best": {
    "threshold": 0.8830000162124634,
    "precision": 0.5,
    "recall": 0.8333333333333334,
    "f1": 0.625,
    "accuracy": 0.9862700228832952,
    "tp": 5,
    "tn": 426,
    "fp": 5,
    "fn": 1
  },
  "roc_auc": 0.9841453982985305,
  "pr_auc": 0.3870347823472824
}