{
  "generated_at": "2025-10-25 13:43:49",
  "counts": {
    "n": 437,
    "pos": 7,
    "neg": 430
  },
  "prevalence": 0.016018306836485863,
  "threshold_default": 0.5,
  "metrics_at_default": {
    "threshold": 0.5,
    "precision": 0.2608695652173913,
    "recall": 0.8571428571428571,
    "f1": 0.4,
    "accuracy": 0.9588100686498856,
    "tp": 6,
    "tn": 413,
    "fp": 17,
    "fn": 1
  },
  "threshold_best": 0.9900000691413879,
  "metrics_at_best": {
    "threshold": 0.9900000691413879,
    "precision": 0.75,
    "recall": 0.8571428571428571,
    "f1": 0.7999999999999999,
    "accuracy": 0.9931350114416476,
    "tp": 6,
    "tn": 428,
    "fp": 2,
    "fn": 1
  },
  "roc_auc": 0.9906976744186047,
  "pr_auc": 0.7548264133239502
}