{
  "generated_at": "2025-10-25 00:58:26",
  "counts": {
    "n": 437,
    "pos": 7,
    "neg": 430
  },
  "prevalence": 0.016018306836485863,
  "threshold_default": 0.5,
  "metrics_at_default": {
    "threshold": 0.5,
    "precision": 0.14285714285714285,
    "recall": 0.8571428571428571,
    "f1": 0.24489795918367344,
    "accuracy": 0.9153318077803204,
    "tp": 6,
    "tn": 394,
    "fp": 36,
    "fn": 1
  },
  "threshold_best": 0.9900000691413879,
  "metrics_at_best": {
    "threshold": 0.9900000691413879,
    "precision": 1.0,
    "recall": 0.2857142857142857,
    "f1": 0.4444444444444445,
    "accuracy": 0.988558352402746,
    "tp": 2,
    "tn": 430,
    "fp": 0,
    "fn": 5
  },
  "roc_auc": 0.9616279069767443,
  "pr_auc": 0.4071181756375399
}