{
  "generated_at": "2025-10-25 13:44:12",
  "counts": {
    "n": 437,
    "pos": 8,
    "neg": 429
  },
  "prevalence": 0.018306635320186615,
  "threshold_default": 0.5,
  "metrics_at_default": {
    "threshold": 0.5,
    "precision": 0.11290322580645161,
    "recall": 0.875,
    "f1": 0.19999999999999998,
    "accuracy": 0.8718535469107551,
    "tp": 7,
    "tn": 374,
    "fp": 55,
    "fn": 1
  },
  "threshold_best": 0.9480000734329224,
  "metrics_at_best": {
    "threshold": 0.9480000734329224,
    "precision": 0.5,
    "recall": 0.25,
    "f1": 0.3333333333333333,
    "accuracy": 0.9816933638443935,
    "tp": 2,
    "tn": 427,
    "fp": 2,
    "fn": 6
  },
  "roc_auc": 0.8962703962703962,
  "pr_auc": 0.29923200255204113
}