{
  "generated_at": "2025-11-01 22:26:20",
  "avg_mse": 0.004123112018605836,
  "avg_mae": 0.00891997983564092,
  "n_windows": 78223
}