{
  "generated_at": "2025-10-25 13:46:11",
  "counts": {
    "n": 437,
    "pos": 4,
    "neg": 433
  },
  "prevalence": 0.009153317660093307,
  "threshold_default": 0.5,
  "metrics_at_default": {
    "threshold": 0.5,
    "precision": 0.044444444444444446,
    "recall": 0.5,
    "f1": 0.0816326530612245,
    "accuracy": 0.897025171624714,
    "tp": 2,
    "tn": 390,
    "fp": 43,
    "fn": 2
  },
  "threshold_best": 0.815000057220459,
  "metrics_at_best": {
    "threshold": 0.815000057220459,
    "precision": 0.11764705882352941,
    "recall": 0.5,
    "f1": 0.19047619047619047,
    "accuracy": 0.9610983981693364,
    "tp": 2,
    "tn": 418,
    "fp": 15,
    "fn": 2
  },
  "roc_auc": 0.8198614318706697,
  "pr_auc": 0.05586904606444855
}