{
  "generated_at": "2025-10-25 00:55:50",
  "counts": {
    "n": 437,
    "pos": 2,
    "neg": 435
  },
  "prevalence": 0.004576658830046654,
  "threshold_default": 0.5,
  "metrics_at_default": {
    "threshold": 0.5,
    "precision": 0.034482758620689655,
    "recall": 1.0,
    "f1": 0.06666666666666667,
    "accuracy": 0.8718535469107551,
    "tp": 2,
    "tn": 379,
    "fp": 56,
    "fn": 0
  },
  "threshold_best": 0.9770000576972961,
  "metrics_at_best": {
    "threshold": 0.9770000576972961,
    "precision": 0.25,
    "recall": 0.5,
    "f1": 0.3333333333333333,
    "accuracy": 0.9908466819221968,
    "tp": 1,
    "tn": 432,
    "fp": 3,
    "fn": 1
  },
  "roc_auc": 0.9333333333333333,
  "pr_auc": 0.07566614420062696
}