{
  "generated_at": "2025-10-25 13:48:23",
  "counts": {
    "n": 437,
    "pos": 17,
    "neg": 420
  },
  "prevalence": 0.03890160098671913,
  "threshold_default": 0.5,
  "metrics_at_default": {
    "threshold": 0.5,
    "precision": 0.6363636363636364,
    "recall": 0.8235294117647058,
    "f1": 0.717948717948718,
    "accuracy": 0.9748283752860412,
    "tp": 14,
    "tn": 412,
    "fp": 8,
    "fn": 3
  },
  "threshold_best": 0.3960000276565552,
  "metrics_at_best": {
    "threshold": 0.3960000276565552,
    "precision": 0.6363636363636364,
    "recall": 0.8235294117647058,
    "f1": 0.717948717948718,
    "accuracy": 0.9748283752860412,
    "tp": 14,
    "tn": 412,
    "fp": 8,
    "fn": 3
  },
  "roc_auc": 0.9033613445378151,
  "pr_auc": 0.6683834746713331
}