{
  "generated_at": "2025-10-21 10:03:51",
  "counts": {
    "n": 6660,
    "pos": 3588,
    "neg": 3072
  },
  "prevalence": 0.5387387275695801,
  "threshold_default": 0.5,
  "metrics_at_default": {
    "threshold": 0.5,
    "precision": 1.0,
    "recall": 0.9944258639910813,
    "f1": 0.9972051425377305,
    "accuracy": 0.996996996996997,
    "tp": 3568,
    "tn": 3072,
    "fp": 0,
    "fn": 20
  },
  "threshold_best": 0.005000000353902578,
  "metrics_at_best": {
    "threshold": 0.005000000353902578,
    "precision": 1.0,
    "recall": 0.9944258639910813,
    "f1": 0.9972051425377305,
    "accuracy": 0.996996996996997,
    "tp": 3568,
    "tn": 3072,
    "fp": 0,
    "fn": 20
  },
  "roc_auc": 0.9977103764574042,
  "pr_auc": 0.9986493229040987
}