{
  "generated_at": "2025-10-25 13:54:35",
  "counts": {
    "n": 2185,
    "pos": 27,
    "neg": 2158
  },
  "prevalence": 0.01235697977244854,
  "threshold_default": 0.5,
  "metrics_at_default": {
    "threshold": 0.5,
    "precision": 0.09905660377358491,
    "recall": 0.7777777777777778,
    "f1": 0.17573221757322177,
    "accuracy": 0.9098398169336385,
    "tp": 21,
    "tn": 1967,
    "fp": 191,
    "fn": 6
  },
  "threshold_best": null,
  "metrics_at_best": {},
  "roc_auc": 0.8828819551711117,
  "pr_auc": 0.3237822799604083
}