{
  "generated_at": "2025-10-17 10:59:00",
  "counts": {
    "n": 77786,
    "pos": 301,
    "neg": 77485
  },
  "prevalence": 0.0038695908151566982,
  "threshold_default": 0.5,
  "metrics_at_default": {
    "threshold": 0.5,
    "precision": 0.04745470232959448,
    "recall": 0.7308970099667774,
    "f1": 0.08912294915940855,
    "accuracy": 0.9421875401743244,
    "tp": 220,
    "tn": 73069,
    "fp": 4416,
    "fn": 81
  },
  "threshold_best": 0.9830000400543213,
  "metrics_at_best": {
    "threshold": 0.9830000400543213,
    "precision": 0.3248730964467005,
    "recall": 0.21262458471760798,
    "f1": 0.25702811244979923,
    "accuracy": 0.9952433599876584,
    "tp": 64,
    "tn": 77352,
    "fp": 133,
    "fn": 237
  },
  "roc_auc": 0.8478781339524079,
  "pr_auc": 0.1526911517774815
}