{
  "generated_at": "2025-10-18 11:12:59",
  "avg_mse": 0.0041250224914174665,
  "avg_mae": 0.009402468367916632,
  "n_windows": 78223
}