{
  "generated_at": "2025-10-25 13:46:23",
  "counts": {
    "n": 437,
    "pos": 6,
    "neg": 431
  },
  "prevalence": 0.013729977421462536,
  "threshold_default": 0.5,
  "metrics_at_default": {
    "threshold": 0.5,
    "precision": 0.09615384615384616,
    "recall": 0.8333333333333334,
    "f1": 0.1724137931034483,
    "accuracy": 0.8901601830663616,
    "tp": 5,
    "tn": 384,
    "fp": 47,
    "fn": 1
  },
  "threshold_best": 0.9340000152587891,
  "metrics_at_best": {
    "threshold": 0.9340000152587891,
    "precision": 0.23809523809523808,
    "recall": 0.8333333333333334,
    "f1": 0.37037037037037035,
    "accuracy": 0.9610983981693364,
    "tp": 5,
    "tn": 415,
    "fp": 16,
    "fn": 1
  },
  "roc_auc": 0.8886310904872391,
  "pr_auc": 0.3017040419740144
}