{
  "generated_at": "2025-10-25 13:45:00",
  "counts": {
    "n": 437,
    "pos": 6,
    "neg": 431
  },
  "prevalence": 0.013729977421462536,
  "threshold_default": 0.5,
  "metrics_at_default": {
    "threshold": 0.5,
    "precision": 0.08620689655172414,
    "recall": 0.8333333333333334,
    "f1": 0.15625000000000003,
    "accuracy": 0.8764302059496567,
    "tp": 5,
    "tn": 378,
    "fp": 53,
    "fn": 1
  },
  "threshold_best": 0.9740000367164612,
  "metrics_at_best": {
    "threshold": 0.9740000367164612,
    "precision": 0.375,
    "recall": 0.5,
    "f1": 0.42857142857142855,
    "accuracy": 0.9816933638443935,
    "tp": 3,
    "tn": 426,
    "fp": 5,
    "fn": 3
  },
  "roc_auc": 0.8963650425367363,
  "pr_auc": 0.5182159003565734
}