{
  "generated_at": "2025-10-28 14:48:50",
  "counts": {
    "n": 78223,
    "pos": 305,
    "neg": 77918
  },
  "prevalence": 0.003899108851328492,
  "threshold_default": 0.5,
  "metrics_at_default": {
    "threshold": 0.5,
    "precision": 0.04941985388912763,
    "recall": 0.7540983606557377,
    "f1": 0.09276063722524702,
    "accuracy": 0.9424849468826304,
    "tp": 230,
    "tn": 73494,
    "fp": 4424,
    "fn": 75
  },
  "threshold_best": 0.9690000414848328,
  "metrics_at_best": {
    "threshold": 0.9690000414848328,
    "precision": 0.3838383838383838,
    "recall": 0.24918032786885247,
    "f1": 0.30218687872763417,
    "accuracy": 0.9955128287076691,
    "tp": 76,
    "tn": 77796,
    "fp": 122,
    "fn": 229
  },
  "roc_auc": 0.8607797857268191,
  "pr_auc": 0.191456267417621
}