{
  "generated_at": "2025-10-18 01:34:49",
  "avg_mse": 523.0525255203247,
  "avg_mae": 6.5368119299411775,
  "n_windows": 6640
}