{
  "generated_at": "2025-10-25 13:48:59",
  "counts": {
    "n": 437,
    "pos": 19,
    "neg": 418
  },
  "prevalence": 0.043478261679410934,
  "threshold_default": 0.5,
  "metrics_at_default": {
    "threshold": 0.5,
    "precision": 0.043478260869565216,
    "recall": 1.0,
    "f1": 0.08333333333333333,
    "accuracy": 0.043478260869565216,
    "tp": 19,
    "tn": 0,
    "fp": 418,
    "fn": 0
  },
  "threshold_best": 0.0,
  "metrics_at_best": {
    "threshold": 0.0,
    "precision": 0.043478260869565216,
    "recall": 1.0,
    "f1": 0.08333333333333333,
    "accuracy": 0.043478260869565216,
    "tp": 19,
    "tn": 0,
    "fp": 418,
    "fn": 0
  },
  "roc_auc": 0.5,
  "pr_auc": 0.5217391304347826
}