{
  "generated_at": "2025-10-25 00:59:25",
  "counts": {
    "n": 437,
    "pos": 19,
    "neg": 418
  },
  "prevalence": 0.043478261679410934,
  "threshold_default": 0.5,
  "metrics_at_default": {
    "threshold": 0.5,
    "precision": 0.3888888888888889,
    "recall": 0.7368421052631579,
    "f1": 0.509090909090909,
    "accuracy": 0.9382151029748284,
    "tp": 14,
    "tn": 396,
    "fp": 22,
    "fn": 5
  },
  "threshold_best": 0.6630000472068787,
  "metrics_at_best": {
    "threshold": 0.6630000472068787,
    "precision": 0.7,
    "recall": 0.7368421052631579,
    "f1": 0.717948717948718,
    "accuracy": 0.9748283752860412,
    "tp": 14,
    "tn": 412,
    "fp": 6,
    "fn": 5
  },
  "roc_auc": 0.8582850667338203,
  "pr_auc": 0.6990134942299645
}