{
  "generated_at": "2025-10-25 13:47:59",
  "counts": {
    "n": 437,
    "pos": 14,
    "neg": 423
  },
  "prevalence": 0.032036613672971725,
  "threshold_default": 0.5,
  "metrics_at_default": {
    "threshold": 0.5,
    "precision": 0.55,
    "recall": 0.7857142857142857,
    "f1": 0.6470588235294117,
    "accuracy": 0.9725400457665904,
    "tp": 11,
    "tn": 414,
    "fp": 9,
    "fn": 3
  },
  "threshold_best": 0.8450000286102295,
  "metrics_at_best": {
    "threshold": 0.8450000286102295,
    "precision": 0.5789473684210527,
    "recall": 0.7857142857142857,
    "f1": 0.6666666666666667,
    "accuracy": 0.9748283752860412,
    "tp": 11,
    "tn": 415,
    "fp": 8,
    "fn": 3
  },
  "roc_auc": 0.8788416075650118,
  "pr_auc": 0.5795567940578864
}