{
  "generated_at": "2025-10-25 13:45:24",
  "counts": {
    "n": 437,
    "pos": 3,
    "neg": 434
  },
  "prevalence": 0.006864988710731268,
  "threshold_default": 0.5,
  "metrics_at_default": {
    "threshold": 0.5,
    "precision": 0.05172413793103448,
    "recall": 1.0,
    "f1": 0.09836065573770492,
    "accuracy": 0.8741418764302059,
    "tp": 3,
    "tn": 379,
    "fp": 55,
    "fn": 0
  },
  "threshold_best": 0.9910000562667847,
  "metrics_at_best": {
    "threshold": 0.9910000562667847,
    "precision": 0.6666666666666666,
    "recall": 0.6666666666666666,
    "f1": 0.6666666666666666,
    "accuracy": 0.9954233409610984,
    "tp": 2,
    "tn": 433,
    "fp": 1,
    "fn": 1
  },
  "roc_auc": 0.9953917050691244,
  "pr_auc": 0.7638888888888888
}