{
  "generated_at": "2025-10-25 13:43:37",
  "counts": {
    "n": 437,
    "pos": 7,
    "neg": 430
  },
  "prevalence": 0.016018306836485863,
  "threshold_default": 0.5,
  "metrics_at_default": {
    "threshold": 0.5,
    "precision": 0.3125,
    "recall": 0.7142857142857143,
    "f1": 0.43478260869565216,
    "accuracy": 0.9702517162471396,
    "tp": 5,
    "tn": 419,
    "fp": 11,
    "fn": 2
  },
  "threshold_best": 0.9920000433921814,
  "metrics_at_best": {
    "threshold": 0.9920000433921814,
    "precision": 0.8333333333333334,
    "recall": 0.7142857142857143,
    "f1": 0.7692307692307692,
    "accuracy": 0.9931350114416476,
    "tp": 5,
    "tn": 429,
    "fp": 1,
    "fn": 2
  },
  "roc_auc": 0.9142857142857141,
  "pr_auc": 0.7383334922451055
}