{
  "generated_at": "2025-10-25 13:45:47",
  "counts": {
    "n": 437,
    "pos": 5,
    "neg": 432
  },
  "prevalence": 0.011441648006439209,
  "threshold_default": 0.5,
  "metrics_at_default": {
    "threshold": 0.5,
    "precision": 0.07017543859649122,
    "recall": 0.8,
    "f1": 0.12903225806451613,
    "accuracy": 0.8764302059496567,
    "tp": 4,
    "tn": 379,
    "fp": 53,
    "fn": 1
  },
  "threshold_best": 0.9910000562667847,
  "metrics_at_best": {
    "threshold": 0.9910000562667847,
    "precision": 1.0,
    "recall": 0.2,
    "f1": 0.33333333333333337,
    "accuracy": 0.9908466819221968,
    "tp": 1,
    "tn": 432,
    "fp": 0,
    "fn": 4
  },
  "roc_auc": 0.8597222222222222,
  "pr_auc": 0.2858586518843537
}