{
  "generated_at": "2025-10-25 13:44:00",
  "counts": {
    "n": 437,
    "pos": 9,
    "neg": 428
  },
  "prevalence": 0.020594965666532516,
  "threshold_default": 0.5,
  "metrics_at_default": {
    "threshold": 0.5,
    "precision": 0.35,
    "recall": 0.7777777777777778,
    "f1": 0.48275862068965514,
    "accuracy": 0.965675057208238,
    "tp": 7,
    "tn": 415,
    "fp": 13,
    "fn": 2
  },
  "threshold_best": 0.8130000233650208,
  "metrics_at_best": {
    "threshold": 0.8130000233650208,
    "precision": 0.625,
    "recall": 0.5555555555555556,
    "f1": 0.5882352941176471,
    "accuracy": 0.9839816933638444,
    "tp": 5,
    "tn": 425,
    "fp": 3,
    "fn": 4
  },
  "roc_auc": 0.9258826583592938,
  "pr_auc": 0.6139097415354224
}