{
  "generated_at": "2025-10-25 01:29:05",
  "counts": {
    "n": 2185,
    "pos": 121,
    "neg": 2064
  },
  "prevalence": 0.055377572774887085,
  "threshold_default": 0.5,
  "metrics_at_default": {
    "threshold": 0.5,
    "precision": 0.05537757437070938,
    "recall": 1.0,
    "f1": 0.1049436253252385,
    "accuracy": 0.05537757437070938,
    "tp": 121,
    "tn": 0,
    "fp": 2064,
    "fn": 0
  },
  "threshold_best": null,
  "metrics_at_best": {},
  "roc_auc": 0.5,
  "pr_auc": 0.5276887871853547
}