{
  "generated_at": "2025-10-17 11:09:03",
  "counts": {
    "n": 77786,
    "pos": 301,
    "neg": 77485
  },
  "prevalence": 0.0038695908151566982,
  "threshold_default": 0.5,
  "metrics_at_default": {
    "threshold": 0.5,
    "precision": 0.04102468906627065,
    "recall": 0.7342192691029901,
    "f1": 0.07770745428973277,
    "accuracy": 0.9325585580952871,
    "tp": 221,
    "tn": 72319,
    "fp": 5166,
    "fn": 80
  },
  "threshold_best": 0.9420000314712524,
  "metrics_at_best": {
    "threshold": 0.9420000314712524,
    "precision": 0.22427440633245382,
    "recall": 0.2823920265780731,
    "f1": 0.25,
    "accuracy": 0.9934435502532589,
    "tp": 85,
    "tn": 77191,
    "fp": 294,
    "fn": 216
  },
  "roc_auc": 0.8585347887502395,
  "pr_auc": 0.1744392615966206
}