{
  "generated_at": "2025-10-25 00:53:06",
  "counts": {
    "n": 437,
    "pos": 6,
    "neg": 431
  },
  "prevalence": 0.013729977421462536,
  "threshold_default": 0.5,
  "metrics_at_default": {
    "threshold": 0.5,
    "precision": 0.13157894736842105,
    "recall": 0.8333333333333334,
    "f1": 0.22727272727272727,
    "accuracy": 0.9221967963386728,
    "tp": 5,
    "tn": 398,
    "fp": 33,
    "fn": 1
  },
  "threshold_best": 0.9640000462532043,
  "metrics_at_best": {
    "threshold": 0.9640000462532043,
    "precision": 0.6,
    "recall": 0.5,
    "f1": 0.5454545454545454,
    "accuracy": 0.988558352402746,
    "tp": 3,
    "tn": 429,
    "fp": 2,
    "fn": 3
  },
  "roc_auc": 0.8940448569218871,
  "pr_auc": 0.5563065160250178
}