{
  "generated_at": "2025-10-23 15:26:54",
  "counts": {
    "n": 14421,
    "pos": 120,
    "neg": 14301
  },
  "prevalence": 0.008321198634803295,
  "threshold_default": 0.5,
  "metrics_at_default": {
    "threshold": 0.5,
    "precision": 0.08488964346349745,
    "recall": 0.8333333333333334,
    "f1": 0.15408320493066255,
    "accuracy": 0.9238610359891825,
    "tp": 100,
    "tn": 13223,
    "fp": 1078,
    "fn": 20
  },
  "threshold_best": 0.9430000185966492,
  "metrics_at_best": {
    "threshold": 0.9430000185966492,
    "precision": 0.36774193548387096,
    "recall": 0.475,
    "f1": 0.4145454545454545,
    "accuracy": 0.988835725677831,
    "tp": 57,
    "tn": 14203,
    "fp": 98,
    "fn": 63
  },
  "roc_auc": 0.9125932335734097,
  "pr_auc": 0.30551501741518683
}