{
  "generated_at": "2025-10-25 13:44:24",
  "counts": {
    "n": 437,
    "pos": 6,
    "neg": 431
  },
  "prevalence": 0.013729977421462536,
  "threshold_default": 0.5,
  "metrics_at_default": {
    "threshold": 0.5,
    "precision": 0.06666666666666667,
    "recall": 0.6666666666666666,
    "f1": 0.1212121212121212,
    "accuracy": 0.8672768878718535,
    "tp": 4,
    "tn": 375,
    "fp": 56,
    "fn": 2
  },
  "threshold_best": 0.9890000224113464,
  "metrics_at_best": {
    "threshold": 0.9890000224113464,
    "precision": 0.5,
    "recall": 0.16666666666666666,
    "f1": 0.25,
    "accuracy": 0.9862700228832952,
    "tp": 1,
    "tn": 430,
    "fp": 1,
    "fn": 5
  },
  "roc_auc": 0.7621809744779582,
  "pr_auc": 0.08210829734810549
}