{
  "generated_at": "2025-10-23 16:21:46",
  "counts": {
    "n": 2185,
    "pos": 4,
    "neg": 2181
  },
  "prevalence": 0.0018306636484339833,
  "threshold_default": 0.9650000333786011,
  "metrics_at_default": {
    "threshold": 0.9650000333786011,
    "precision": 0.25,
    "recall": 0.25,
    "f1": 0.25,
    "accuracy": 0.997254004576659,
    "tp": 1,
    "tn": 2178,
    "fp": 3,
    "fn": 3
  },
  "threshold_best": null,
  "metrics_at_best": {},
  "roc_auc": 0.9894543787253554,
  "pr_auc": 0.35063902654363177
}