{
  "generated_at": "2025-10-25 00:59:55",
  "counts": {
    "n": 437,
    "pos": 22,
    "neg": 415
  },
  "prevalence": 0.05034324899315834,
  "threshold_default": 0.5,
  "metrics_at_default": {
    "threshold": 0.5,
    "precision": 0.8666666666666667,
    "recall": 0.5909090909090909,
    "f1": 0.7027027027027029,
    "accuracy": 0.9748283752860412,
    "tp": 13,
    "tn": 413,
    "fp": 2,
    "fn": 9
  },
  "threshold_best": 0.07200000435113907,
  "metrics_at_best": {
    "threshold": 0.07200000435113907,
    "precision": 0.8666666666666667,
    "recall": 0.5909090909090909,
    "f1": 0.7027027027027029,
    "accuracy": 0.9748283752860412,
    "tp": 13,
    "tn": 413,
    "fp": 2,
    "fn": 9
  },
  "roc_auc": 0.8566812705366922,
  "pr_auc": 0.7365051400735039
}