{
  "generated_at": "2025-10-25 13:55:57",
  "counts": {
    "n": 2185,
    "pos": 66,
    "neg": 2119
  },
  "prevalence": 0.030205950140953064,
  "threshold_default": 0.5,
  "metrics_at_default": {
    "threshold": 0.5,
    "precision": 0.6222222222222222,
    "recall": 0.8484848484848485,
    "f1": 0.7179487179487178,
    "accuracy": 0.9798627002288329,
    "tp": 56,
    "tn": 2085,
    "fp": 34,
    "fn": 10
  },
  "threshold_best": null,
  "metrics_at_best": {},
  "roc_auc": 0.9457970454902971,
  "pr_auc": 0.6663344071924064
}