{
  "generated_at": "2025-10-25 13:53:35",
  "counts": {
    "n": 2185,
    "pos": 20,
    "neg": 2165
  },
  "prevalence": 0.009153317660093307,
  "threshold_default": 0.5,
  "metrics_at_default": {
    "threshold": 0.5,
    "precision": 0.06923076923076923,
    "recall": 0.9,
    "f1": 0.1285714285714286,
    "accuracy": 0.888329519450801,
    "tp": 18,
    "tn": 1923,
    "fp": 242,
    "fn": 2
  },
  "threshold_best": null,
  "metrics_at_best": {},
  "roc_auc": 0.9216512702078522,
  "pr_auc": 0.3302620302598435
}