{
  "generated_at": "2025-11-01 04:07:32",
  "counts": {
    "n": 88711,
    "pos": 440,
    "neg": 88271
  },
  "prevalence": 0.004959926009178162,
  "threshold_default": 0.5,
  "metrics_at_default": {
    "threshold": 0.5,
    "precision": 0.11809889582333173,
    "recall": 0.5590909090909091,
    "f1": 0.19500594530321044,
    "accuracy": 0.9771054322462829,
    "tp": 246,
    "tn": 86434,
    "fp": 1837,
    "fn": 194
  },
  "threshold_best": 0.9760000705718994,
  "metrics_at_best": {
    "threshold": 0.9760000705718994,
    "precision": 0.296078431372549,
    "recall": 0.3431818181818182,
    "f1": 0.31789473684210523,
    "accuracy": 0.992695381632492,
    "tp": 151,
    "tn": 87912,
    "fp": 359,
    "fn": 289
  },
  "roc_auc": 0.772177879896723,
  "pr_auc": 0.244191954330815
}