{
  "generated_at": "2025-10-25 00:58:00",
  "counts": {
    "n": 437,
    "pos": 6,
    "neg": 431
  },
  "prevalence": 0.013729977421462536,
  "threshold_default": 0.5,
  "metrics_at_default": {
    "threshold": 0.5,
    "precision": 0.20833333333333334,
    "recall": 0.8333333333333334,
    "f1": 0.33333333333333337,
    "accuracy": 0.954233409610984,
    "tp": 5,
    "tn": 412,
    "fp": 19,
    "fn": 1
  },
  "threshold_best": 0.9480000734329224,
  "metrics_at_best": {
    "threshold": 0.9480000734329224,
    "precision": 0.8,
    "recall": 0.6666666666666666,
    "f1": 0.7272727272727272,
    "accuracy": 0.9931350114416476,
    "tp": 4,
    "tn": 430,
    "fp": 1,
    "fn": 2
  },
  "roc_auc": 0.9880123743232792,
  "pr_auc": 0.6695039682539683
}