{
  "generated_at": "2025-10-23 16:10:28",
  "counts": {
    "n": 70357,
    "pos": 289,
    "neg": 70068
  },
  "prevalence": 0.004107622429728508,
  "threshold_default": 0.5,
  "metrics_at_default": {
    "threshold": 0.5,
    "precision": 0.0516366989396035,
    "recall": 0.7750865051903114,
    "f1": 0.09682299546142208,
    "accuracy": 0.9406029250820814,
    "tp": 224,
    "tn": 65954,
    "fp": 4114,
    "fn": 65
  },
  "threshold_best": 0.9650000333786011,
  "metrics_at_best": {
    "threshold": 0.9650000333786011,
    "precision": 0.3686635944700461,
    "recall": 0.2768166089965398,
    "f1": 0.316205533596838,
    "accuracy": 0.9950822235172051,
    "tp": 80,
    "tn": 69931,
    "fp": 137,
    "fn": 209
  },
  "roc_auc": 0.8711195629436002,
  "pr_auc": 0.20208589556200646
}