{
  "generated_at": "2025-11-01 22:17:03",
  "avg_mse": 0.004120538406637201,
  "avg_mae": 0.008811167244175001,
  "n_windows": 78223
}