{
  "generated_at": "2025-10-23 15:58:48",
  "counts": {
    "n": 28405,
    "pos": 185,
    "neg": 28220
  },
  "prevalence": 0.006512938067317009,
  "threshold_default": 0.5,
  "metrics_at_default": {
    "threshold": 0.5,
    "precision": 0.10043668122270742,
    "recall": 0.745945945945946,
    "f1": 0.177036561898653,
    "accuracy": 0.9548318957929942,
    "tp": 138,
    "tn": 26984,
    "fp": 1236,
    "fn": 47
  },
  "threshold_best": 0.9600000381469727,
  "metrics_at_best": {
    "threshold": 0.9600000381469727,
    "precision": 0.3681592039800995,
    "recall": 0.4,
    "f1": 0.383419689119171,
    "accuracy": 0.9916211934518571,
    "tp": 74,
    "tn": 28093,
    "fp": 127,
    "fn": 111
  },
  "roc_auc": 0.8992988488133775,
  "pr_auc": 0.27513477610422876
}