{
  "counts": {
    "n": 77786,
    "pos": 301,
    "neg": 77485
  },
  "prevalence": 0.0038695909289589384,
  "roc_auc": 0.8478781339524079,
  "pr_auc": 0.14707802774622794,
  "threshold_default": 0.9830000400543213,
  "metrics_at_default": {
    "tp": 64.0,
    "tn": 77352.0,
    "fp": 133.0,
    "fn": 237.0,
    "precision": 0.3248730964467005,
    "recall": 0.21262458471760798,
    "f1": 0.25702811244979923,
    "accuracy": 0.9952433599876584
  },
  "threshold_best": 0.983,
  "metrics_at_best": {
    "tp": 64.0,
    "tn": 77352.0,
    "fp": 133.0,
    "fn": 237.0,
    "precision": 0.3248730964467005,
    "recall": 0.21262458471760798,
    "f1": 0.25702811244979923,
    "accuracy": 0.9952433599876584
  },
  "notes": {
    "best_strategy": "f1"
  },
  "generated_at": "2025-10-17 10:15:34"
}